{"_wandb":{"runtime":368},"avg_score":22.33,"loss":2930.10205078125,"_timestamp":1.739062538696213e+09,"_runtime":368.033036702,"_step":15000}