{"_runtime":27.126762406,"_step":0,"episode":1000,"avg_score":"61.2","_timestamp":1.7390614688073075e+09,"_wandb":{"runtime":38}}