{"loss":682.69677734375,"_timestamp":1.7390675146352851e+09,"_runtime":67.725919772,"_step":8000,"_wandb":{"runtime":67},"episode":8000,"avg_score":15.38}