{"_runtime":1224.832088218,"q_val_max":129.87962341308594,"avg_score":138.09,"_step":12000,"reward_avg":2.80078125,"_wandb":{"runtime":1224},"loss":0.8747749924659729,"q_val_mean":49.03485870361328,"epsilon":0.1,"_timestamp":1.7391496771837265e+09}