{"_step":8000,"_wandb":{"runtime":195},"avg_score":50.91,"loss":496563.09375,"_timestamp":1.7390650093165028e+09,"_runtime":195.280062271}