{"reward_avg":0.9375,"_wandb":{"runtime":15},"avg_score":77.85,"_runtime":15.829397872,"q_val_mean":30.136493682861328,"q_val_max":67.70956420898438,"_timestamp":1.7391504878816738e+09,"_step":100,"loss":1.2993969917297363,"epsilon":0.9922015}