{"_runtime":1315.016944784,"avg_score":162.44,"q_val_max":135.72003173828125,"epsilon":0.1,"loss":0.0029548010788857937,"q_val_mean":47.56338119506836,"reward_avg":1.875,"_step":10000,"_wandb":{"runtime":1315},"_timestamp":1.739160061906164e+09}