{"q_val_mean":140.16525268554688,"epsilon":0.9100024725274726,"loss":0.9133220314979553,"_timestamp":1.739154243590346e+09,"avg_score":86.48,"reward_avg":0.71875,"q_val_max":322.2940368652344,"_wandb":{"runtime":75},"_runtime":75.104409935,"_step":700}