{"loss":0.000364523206371814,"epsilon":0.8842881868131868,"q_val_max":82.0755386352539,"reward_avg":3.703125,"_runtime":120.673560736,"_step":900,"_timestamp":1.7391587389793117e+09,"q_val_mean":34.98464584350586,"_wandb":{"runtime":120},"avg_score":87.69}