{"_timestamp":1.7390635232770503e+09,"_runtime":976.6993431,"_step":41000,"avg_score":49.47,"_wandb":{"runtime":976},"loss":2.00449343488e+11}