{"_wandb":{"runtime":76},"loss":0.0005229941452853382,"_runtime":76.31272003,"epsilon":0.9742869505494506,"reward_avg":3.4453125,"q_val_max":101.05791473388672,"_step":400,"avg_score":96.37,"_timestamp":1.7391604890762873e+09,"q_val_mean":48.00676727294922}