{"_step":100,"epsilon":0.9871453296703296,"_timestamp":1.739156559312512e+09,"loss":2.2760229110717773,"avg_score":47.88,"_runtime":14.367154013,"_wandb":{"runtime":14},"q_val_max":37.90242385864258,"q_val_mean":12.589217185974121,"reward_avg":0.73828125}