{"_runtime":45.433313619,"_step":5000,"episode":5000,"avg_score":14.99,"loss":45.88441467285156,"_timestamp":1.7390676471720233e+09,"_wandb":{"runtime":45}}