{"_wandb":{"runtime":28},"avg_score":"6.9","episode":1000,"_timestamp":1.7390616885475435e+09,"_runtime":25.241796723,"_step":0}