{"q_val_max":126.54822540283203,"avg_score":127.85,"epsilon":0.1,"_step":10000,"_wandb":{"runtime":1067},"loss":0.7707223296165466,"q_val_mean":34.99302291870117,"_timestamp":1.7391553334971876e+09,"reward_avg":2.171875,"_runtime":1067.7150086}