{"reward_avg":9.93359375,"_wandb":{"runtime":11},"_runtime":11.119772417,"_step":100,"q_val_mean":69.86083221435547,"q_val_max":104.95120239257812,"_timestamp":1.7394982681348212e+09}