{"_runtime":174.255298719,"_step":20000,"_wandb":{"runtime":174},"episode":20000,"avg_score":14.96,"loss":48.915977478027344,"_timestamp":1.7390678279924304e+09}