{"_wandb":{"runtime":808},"loss":0.6805726289749146,"_runtime":808.558561584,"q_val_mean":47.508148193359375,"q_val_max":121.62796783447266,"reward_avg":1.76953125,"epsilon":0.3760015,"_step":8000,"_timestamp":1.7391483985455074e+09,"avg_score":133.65}