{"_runtime":99.894746064,"_step":3,"_wandb":{"runtime":101},"avg_score":52.77,"episode":4000,"_timestamp":1.7390617953707874e+09}