{"_wandb":{"runtime":122},"episode":3999,"avg_score":"55.6","_timestamp":1.7390613993196347e+09,"_runtime":100.745789921,"_step":3}