{"q_val_max":53.75505065917969,"_runtime":16.688384686,"_step":100,"q_val_mean":25.64805793762207,"_wandb":{"runtime":16},"avg_score":72.29,"loss":0.0006170193664729595,"reward_avg":2.9375,"_timestamp":1.7391605207698889e+09,"epsilon":0.9935726648351648}