{"_wandb":{"runtime":3019},"_timestamp":1.7391640367655346e+09,"q_val_mean":52.83525085449219,"epsilon":0.1,"avg_score":175.68,"q_val_max":150.07582092285156,"loss":0.0029208892956376076,"_step":20000,"reward_avg":1.97265625,"_runtime":3019.993710338}