{"loss":0.6291654109954834,"epsilon":0.1,"avg_score":132.51,"_runtime":852.627494782,"q_val_mean":58.903385162353516,"_step":8200,"q_val_max":135.9767303466797,"reward_avg":2.265625,"_wandb":{"runtime":852},"_timestamp":1.739154102375679e+09}