{"epsilon":0.9357167582417583,"_runtime":50.625624914,"q_val_max":752.2518310546875,"reward_avg":1.2421875,"_step":500,"avg_score":50.68,"loss":4.867513656616211,"q_val_mean":305.2092590332031,"_timestamp":1.7391541671991541e+09,"_wandb":{"runtime":50}}