{"_step":4000,"_wandb":{"runtime":110},"avg_score":"51.4","_timestamp":1.7390616503521194e+09,"_runtime":110.594089261}