{"q_val_max":152.34927368164062,"epsilon":0.1,"avg_score":139.5,"_wandb":{"runtime":1602},"_step":15600,"q_val_mean":51.369564056396484,"_runtime":1602.144164764,"_timestamp":1.7391521433326576e+09,"reward_avg":2.48828125,"loss":0.8436387777328491}