{"_wandb":{"runtime":10},"q_val_mean":30.136493682861328,"epsilon":0.9922015,"q_val_max":67.70956420898438,"loss":1.2993969917297363,"_step":100,"reward_avg":0.9375,"_timestamp":1.7391496903667643e+09,"_runtime":10.209373823,"avg_score":77.85}