{"epsilon":0.9971880408653846,"_timestamp":1.7391642700946074e+09,"avg_score":83.17,"_wandb":{"runtime":13},"loss":0.0027369842864573,"_step":100,"q_val_max":47.161643981933594,"reward_avg":4.65625,"_runtime":13.937108075,"q_val_mean":24.199132919311523}