{"q_val_mean":45.333072662353516,"q_val_max":82.95207214355469,"_wandb":{"runtime":11},"_timestamp":1.7394982536533036e+09,"reward_avg":4.271484375,"_runtime":11.98490074,"_step":100}