{"loss":0.000712666311301291,"avg_score":81.612,"med_score":77,"reward_avg":10.59765625,"q_val_mean":53.86787414550781,"_timestamp":1.739493912686056e+09,"epsilon":0.953714532967033,"_runtime":901.025700975,"_wandb":{"runtime":901},"q_val_max":90.07064819335938,"_step":4800}