{"epsilon":0.7942881868131868,"q_val_max":1395.8382568359375,"_wandb":{"runtime":235},"loss":1.5153176718740724e-05,"_runtime":235.735653103,"_step":1600,"q_val_mean":737.7592163085938,"_timestamp":1.739157797978472e+09,"avg_score":53.58,"reward_avg":1.16796875}