{"_timestamp":1.7391586168564405e+09,"avg_score":120.86,"_step":2600,"_runtime":393.843408123,"reward_avg":2.38671875,"q_val_mean":54.975826263427734,"_wandb":{"runtime":393},"q_val_max":143.5828094482422,"epsilon":0.6785739010989011,"loss":0.0008534069056622684}