{"reward_avg":11.90234375,"_runtime":11.114938323,"_wandb":{"runtime":11},"_step":100,"q_val_mean":71.70479583740234,"q_val_max":100.84034729003906,"_timestamp":1.7394982836016295e+09}