{"loss":0.047298114746809006,"med_score":158.5,"_wandb":{"runtime":1790},"_timestamp":1.7398605716602201e+09,"reward_avg":5.921875,"q_val_mean":168.2465362548828,"_step":10000,"q_val_max":246.22491455078125,"epsilon":0.1,"avg_score":160.524,"_runtime":1790.034820865}