{"_wandb":{"runtime":47},"_runtime":47.464998707,"_step":1000,"avg_score":47.04,"_timestamp":1.7390618276665082e+09}