{"episode":9000,"avg_score":15.96,"_timestamp":1.739067437332546e+09,"_runtime":84.025133366,"_wandb":{"runtime":84},"_step":9000}