{"_step":1000,"_wandb":{"runtime":32},"avg_score":55.34,"loss":309.186279296875,"_timestamp":1.739065078666587e+09,"_runtime":32.399681192}